{"stats":{"minecraft:dropped":{"minecraft:stone":1,"minecraft:mycelium":1,"minecraft:wooden_axe":2},"minecraft:custom":{"minecraft:time_since_rest":106,"minecraft:crouch_one_cm":105,"minecraft:play_time":58194,"minecraft:sprint_one_cm":23555,"minecraft:deaths":5,"minecraft:walk_one_cm":9154,"minecraft:sneak_time":757,"minecraft:walk_under_water_one_cm":2470,"minecraft:drop":4,"minecraft:jump":72,"minecraft:leave_game":6,"minecraft:walk_on_water_one_cm":4351,"minecraft:time_since_death":14,"minecraft:total_world_time":58194,"minecraft:fall_one_cm":209,"minecraft:fly_one_cm":554358},"minecraft:picked_up":{"minecraft:wheat_seeds":1},"minecraft:used":{"minecraft:wooden_axe":1,"minecraft:wooden_hoe":1,"minecraft:dirt":9,"minecraft:grass_block":10,"minecraft:mycelium":13,"minecraft:stone":18}},"DataVersion":3839}