{"stats":{"minecraft:picked_up":{"minecraft:wheat_seeds":1,"minecraft:dirt":4},"minecraft:used":{"minecraft:dirt":4},"minecraft:mined":{"minecraft:large_fern":1,"minecraft:grass_block":2,"minecraft:dirt":2,"minecraft:packed_ice":5},"minecraft:custom":{"minecraft:jump":57,"minecraft:time_since_rest":4975,"minecraft:leave_game":1,"minecraft:crouch_one_cm":727,"minecraft:damage_taken":80,"minecraft:sprint_one_cm":2196,"minecraft:play_time":4975,"minecraft:walk_on_water_one_cm":1713,"minecraft:time_since_death":4975,"minecraft:walk_one_cm":2670,"minecraft:sneak_time":831,"minecraft:total_world_time":4975,"minecraft:walk_under_water_one_cm":3405,"minecraft:fall_one_cm":894,"minecraft:fly_one_cm":14239}},"DataVersion":3839}