{"stats":{"minecraft:custom":{"minecraft:jump":91,"minecraft:time_since_rest":33009,"minecraft:damage_dealt":477,"minecraft:walk_on_water_one_cm":442,"minecraft:play_time":33009,"minecraft:leave_game":3,"minecraft:sprint_one_cm":14322,"minecraft:damage_taken":50,"minecraft:time_since_death":33009,"minecraft:walk_one_cm":18264,"minecraft:sneak_time":143,"minecraft:total_world_time":33009,"minecraft:walk_under_water_one_cm":2999,"minecraft:mob_kills":8,"minecraft:fall_one_cm":2118,"minecraft:fly_one_cm":500383},"minecraft:mined":{"minecraft:packed_ice":2},"minecraft:picked_up":{"minecraft:slime_ball":4},"minecraft:killed":{"minecraft:slime":8},"minecraft:used":{"minecraft:podzol":17,"minecraft:netherite_sword":12,"minecraft:grass_block":2}},"DataVersion":3839}