{"stats":{"minecraft:killed":{"minecraft:slime":8},"minecraft:custom":{"minecraft:time_since_rest":6195,"minecraft:crouch_one_cm":112,"minecraft:deaths":2,"minecraft:play_time":110822,"minecraft:sprint_one_cm":50337,"minecraft:walk_one_cm":50573,"minecraft:damage_taken":330,"minecraft:sneak_time":536,"minecraft:walk_under_water_one_cm":2999,"minecraft:mob_kills":8,"minecraft:jump":243,"minecraft:damage_dealt":477,"minecraft:leave_game":5,"minecraft:walk_on_water_one_cm":442,"minecraft:time_since_death":6161,"minecraft:total_world_time":110822,"minecraft:fall_one_cm":2118,"minecraft:fly_one_cm":1265909},"minecraft:used":{"minecraft:stone_bricks":5,"minecraft:stone_brick_slab":28,"minecraft:netherite_sword":12,"minecraft:tnt":10,"minecraft:red_wool":2,"minecraft:grass_block":9,"minecraft:podzol":28,"minecraft:stone":21,"minecraft:spruce_log":37},"minecraft:picked_up":{"minecraft:wooden_axe":1,"minecraft:tnt":1,"minecraft:slime_ball":4,"minecraft:stone_bricks":1,"minecraft:stone_brick_slab":1,"minecraft:red_wool":1,"minecraft:grass_block":1,"minecraft:spruce_log":2},"minecraft:mined":{"minecraft:packed_ice":2}},"DataVersion":3839}