{"stats":{"minecraft:mined":{"minecraft:tall_grass":1,"minecraft:sweet_berry_bush":1},"minecraft:custom":{"minecraft:time_since_rest":85483,"minecraft:crouch_one_cm":200,"minecraft:sprint_one_cm":3966,"minecraft:play_time":85483,"minecraft:damage_taken":165,"minecraft:walk_one_cm":28076,"minecraft:sneak_time":2967,"minecraft:walk_under_water_one_cm":54349,"minecraft:jump":130,"minecraft:damage_dealt":120,"minecraft:leave_game":2,"minecraft:time_since_death":85483,"minecraft:walk_on_water_one_cm":55565,"minecraft:total_world_time":85483,"minecraft:fall_one_cm":2113,"minecraft:fly_one_cm":613892,"minecraft:open_barrel":1},"minecraft:used":{"minecraft:barrel":14,"minecraft:oak_leaves":2,"minecraft:azalea_leaves":59,"minecraft:sweet_berries":4,"minecraft:crafting_table":3,"minecraft:quartz_slab":17,"minecraft:lantern":8,"minecraft:stripped_oak_wood":41,"minecraft:grass_block":136,"minecraft:sandstone":36,"minecraft:stripped_oak_log":9,"minecraft:stone":306,"minecraft:granite":35,"minecraft:quartz_stairs":12,"minecraft:flowering_azalea_leaves":20},"minecraft:picked_up":{"minecraft:sweet_berries":3}},"DataVersion":3839}