{"stats":{"minecraft:custom":{"minecraft:time_since_rest":67673,"minecraft:damage_taken":150,"minecraft:damage_dealt":20,"minecraft:crouch_one_cm":65,"minecraft:leave_game":2,"minecraft:sprint_one_cm":28408,"minecraft:play_time":67673,"minecraft:time_since_death":67673,"minecraft:walk_on_water_one_cm":5833,"minecraft:walk_one_cm":7356,"minecraft:sneak_time":863,"minecraft:total_world_time":67673,"minecraft:walk_under_water_one_cm":6336,"minecraft:swim_one_cm":14618,"minecraft:fall_one_cm":8083,"minecraft:fly_one_cm":902981,"minecraft:jump":307},"minecraft:picked_up":{"minecraft:gravel":1,"minecraft:pink_petals":4},"minecraft:mined":{"minecraft:pink_petals":1,"minecraft:short_grass":1,"minecraft:gravel":1},"minecraft:used":{"minecraft:stone":2,"minecraft:gravel":7}},"DataVersion":3839}