{"stats":{"minecraft:dropped":{"minecraft:arrow":1},"minecraft:custom":{"minecraft:time_since_rest":39751,"minecraft:play_time":44919,"minecraft:sprint_one_cm":10930,"minecraft:deaths":1,"minecraft:damage_taken":40,"minecraft:walk_one_cm":9645,"minecraft:sneak_time":311,"minecraft:walk_under_water_one_cm":3820,"minecraft:mob_kills":1,"minecraft:drop":1,"minecraft:jump":122,"minecraft:damage_dealt":205,"minecraft:leave_game":5,"minecraft:walk_on_water_one_cm":2186,"minecraft:time_since_death":39731,"minecraft:total_world_time":44919,"minecraft:swim_one_cm":1559,"minecraft:fall_one_cm":418,"minecraft:fly_one_cm":692367},"minecraft:mined":{"minecraft:short_grass":1},"minecraft:picked_up":{"minecraft:arrow":3},"minecraft:killed":{"minecraft:slime":1},"minecraft:used":{"minecraft:stone_bricks":8,"minecraft:packed_ice":37,"minecraft:dirt":16,"minecraft:spruce_log":1}},"DataVersion":3839}