{"stats":{"minecraft:custom":{"minecraft:jump":34,"minecraft:time_since_rest":4347,"minecraft:damage_dealt":35,"minecraft:leave_game":1,"minecraft:walk_on_water_one_cm":964,"minecraft:sprint_one_cm":2178,"minecraft:play_time":4347,"minecraft:damage_taken":40,"minecraft:time_since_death":4347,"minecraft:walk_one_cm":3420,"minecraft:sneak_time":40,"minecraft:total_world_time":4347,"minecraft:walk_under_water_one_cm":710,"minecraft:fall_one_cm":418,"minecraft:fly_one_cm":67138},"minecraft:mined":{"minecraft:short_grass":1},"minecraft:used":{"minecraft:spruce_log":1}},"DataVersion":3839}