{"stats":{"minecraft:custom":{"minecraft:time_since_rest":109957,"minecraft:play_time":156456,"minecraft:sprint_one_cm":27430,"minecraft:deaths":2,"minecraft:damage_taken":500,"minecraft:walk_one_cm":20223,"minecraft:sneak_time":515,"minecraft:walk_under_water_one_cm":3820,"minecraft:mob_kills":1,"minecraft:drop":1,"minecraft:jump":224,"minecraft:damage_dealt":205,"minecraft:leave_game":11,"minecraft:walk_on_water_one_cm":2186,"minecraft:time_since_death":109924,"minecraft:total_world_time":156456,"minecraft:swim_one_cm":1559,"minecraft:fall_one_cm":629,"minecraft:fly_one_cm":1249621},"minecraft:picked_up":{"minecraft:arrow":3,"minecraft:slime_ball":4},"minecraft:killed":{"minecraft:slime":1},"minecraft:used":{"minecraft:stone_bricks":9,"minecraft:packed_ice":37,"minecraft:dirt":16,"minecraft:grass_block":19,"minecraft:podzol":23,"minecraft:stone":17,"minecraft:spruce_log":1},"minecraft:mined":{"minecraft:short_grass":1},"minecraft:dropped":{"minecraft:arrow":1}},"DataVersion":3839}