{"stats":{"minecraft:picked_up":{"minecraft:arrow":3,"minecraft:slime_ball":4},"minecraft:custom":{"minecraft:time_since_rest":189166,"minecraft:play_time":235665,"minecraft:sprint_one_cm":41950,"minecraft:deaths":2,"minecraft:damage_taken":560,"minecraft:walk_one_cm":26039,"minecraft:sneak_time":575,"minecraft:walk_under_water_one_cm":3820,"minecraft:mob_kills":1,"minecraft:drop":1,"minecraft:jump":327,"minecraft:damage_dealt":205,"minecraft:leave_game":17,"minecraft:walk_on_water_one_cm":2186,"minecraft:time_since_death":189133,"minecraft:total_world_time":235665,"minecraft:swim_one_cm":1559,"minecraft:fall_one_cm":1173,"minecraft:fly_one_cm":1356561},"minecraft:mined":{"minecraft:short_grass":1},"minecraft:used":{"minecraft:stone_bricks":9,"minecraft:packed_ice":37,"minecraft:dirt":16,"minecraft:grass_block":19,"minecraft:podzol":23,"minecraft:birch_log":2,"minecraft:stone":17,"minecraft:zombie_spawn_egg":2,"minecraft:spruce_log":1},"minecraft:killed":{"minecraft:slime":1},"minecraft:dropped":{"minecraft:arrow":1}},"DataVersion":3839}