{"stats":{"minecraft:dropped":{"minecraft:arrow":1},"minecraft:used":{"minecraft:stone_bricks":10,"minecraft:wooden_axe":3,"minecraft:packed_ice":37,"minecraft:apple":11,"minecraft:dirt":16,"minecraft:grass_block":24,"minecraft:podzol":27,"minecraft:birch_log":4,"minecraft:cooked_beef":1,"minecraft:stone":18,"minecraft:zombie_spawn_egg":10,"minecraft:spruce_log":1},"minecraft:picked_up":{"minecraft:arrow":3,"minecraft:slime_ball":4,"minecraft:wheat_seeds":3,"minecraft:dandelion":5,"minecraft:gunpowder":1},"minecraft:custom":{"minecraft:time_since_rest":291635,"minecraft:crouch_one_cm":267,"minecraft:play_time":338134,"minecraft:sprint_one_cm":63378,"minecraft:deaths":2,"minecraft:damage_taken":560,"minecraft:walk_one_cm":35897,"minecraft:sneak_time":967,"minecraft:walk_under_water_one_cm":4791,"minecraft:mob_kills":2,"minecraft:drop":1,"minecraft:jump":481,"minecraft:damage_dealt":404,"minecraft:leave_game":24,"minecraft:walk_on_water_one_cm":2675,"minecraft:time_since_death":291602,"minecraft:total_world_time":338134,"minecraft:swim_one_cm":1559,"minecraft:fall_one_cm":1173,"minecraft:fly_one_cm":2229385},"minecraft:killed":{"minecraft:slime":1,"minecraft:creeper":1},"minecraft:mined":{"minecraft:short_grass":1}},"DataVersion":3839}