{"stats":{"minecraft:picked_up":{"minecraft:stick":2,"minecraft:prismarine_shard":1,"minecraft:dandelion":5,"minecraft:gravel":5,"minecraft:flint":1,"minecraft:gunpowder":1,"minecraft:dirt":6,"minecraft:arrow":3,"minecraft:slime_ball":4,"minecraft:wheat_seeds":40,"minecraft:oak_sapling":3,"minecraft:birch_sapling":2},"minecraft:mined":{"minecraft:birch_log":2,"minecraft:birch_leaves":13,"minecraft:short_grass":251,"minecraft:grass_block":2,"minecraft:gravel":6,"minecraft:dirt":4,"minecraft:tall_grass":36,"minecraft:oak_leaves":78},"minecraft:used":{"minecraft:wooden_axe":3,"minecraft:packed_ice":37,"minecraft:apple":11,"minecraft:grass_block":25,"minecraft:birch_sapling":1,"minecraft:stone":18,"minecraft:zombie_spawn_egg":10,"minecraft:gravel":4,"minecraft:stone_bricks":11,"minecraft:dirt":20,"minecraft:oak_sapling":3,"minecraft:podzol":27,"minecraft:birch_log":5,"minecraft:cooked_beef":1,"minecraft:spruce_log":1},"minecraft:dropped":{"minecraft:arrow":1},"minecraft:killed":{"minecraft:slime":1,"minecraft:creeper":1},"minecraft:custom":{"minecraft:time_since_rest":370113,"minecraft:sprint_one_cm":116900,"minecraft:damage_taken":710,"minecraft:walk_one_cm":52648,"minecraft:mob_kills":2,"minecraft:drop":1,"minecraft:damage_dealt":474,"minecraft:swim_one_cm":13977,"minecraft:fly_one_cm":2428121,"minecraft:crouch_one_cm":1529,"minecraft:play_time":416612,"minecraft:deaths":2,"minecraft:sneak_time":1635,"minecraft:walk_under_water_one_cm":6130,"minecraft:jump":644,"minecraft:leave_game":26,"minecraft:time_since_death":370080,"minecraft:walk_on_water_one_cm":4455,"minecraft:total_world_time":416612,"minecraft:fall_one_cm":3741}},"DataVersion":3839}