{"stats":{"minecraft:mined":{"minecraft:pink_petals":1,"minecraft:short_grass":1,"minecraft:gravel":1},"minecraft:custom":{"minecraft:jump":252,"minecraft:time_since_rest":12460,"minecraft:leave_game":1,"minecraft:damage_dealt":20,"minecraft:crouch_one_cm":65,"minecraft:damage_taken":60,"minecraft:sprint_one_cm":24483,"minecraft:play_time":12460,"minecraft:walk_on_water_one_cm":3444,"minecraft:time_since_death":12460,"minecraft:walk_one_cm":3963,"minecraft:sneak_time":162,"minecraft:total_world_time":12460,"minecraft:walk_under_water_one_cm":1467,"minecraft:swim_one_cm":13243,"minecraft:fall_one_cm":6411,"minecraft:fly_one_cm":60173},"minecraft:picked_up":{"minecraft:pink_petals":4,"minecraft:gravel":1}},"DataVersion":3839}