{"stats":{"minecraft:custom":{"minecraft:time_since_rest":5781,"minecraft:crouch_one_cm":65,"minecraft:play_time":74109,"minecraft:sprint_one_cm":28441,"minecraft:damage_taken":150,"minecraft:deaths":1,"minecraft:walk_one_cm":7507,"minecraft:sneak_time":1167,"minecraft:walk_under_water_one_cm":6336,"minecraft:jump":308,"minecraft:damage_dealt":20,"minecraft:leave_game":4,"minecraft:walk_on_water_one_cm":5833,"minecraft:time_since_death":5761,"minecraft:total_world_time":74109,"minecraft:swim_one_cm":14618,"minecraft:fly_one_cm":1042876,"minecraft:fall_one_cm":8083},"minecraft:picked_up":{"minecraft:pink_petals":4,"minecraft:gravel":1},"minecraft:mined":{"minecraft:pink_petals":1,"minecraft:short_grass":1,"minecraft:gravel":1},"minecraft:used":{"minecraft:stone":2,"minecraft:gravel":7}},"DataVersion":3839}