{"stats":{"minecraft:custom":{"minecraft:jump":31,"minecraft:time_since_rest":37682,"minecraft:damage_dealt":98,"minecraft:walk_on_water_one_cm":86,"minecraft:play_time":50037,"minecraft:leave_game":2,"minecraft:sprint_one_cm":2117,"minecraft:walk_one_cm":1927,"minecraft:time_since_death":37662,"minecraft:deaths":2,"minecraft:sneak_time":468,"minecraft:total_world_time":50037,"minecraft:mob_kills":1,"minecraft:fly_one_cm":251894},"minecraft:killed":{"minecraft:zombie":1},"minecraft:used":{"minecraft:zombie_spawn_egg":9,"minecraft:flint_and_steel":1,"minecraft:obsidian":15},"minecraft:picked_up":{"minecraft:rotten_flesh":5}},"DataVersion":3839}