{"stats":{"minecraft:dropped":{"minecraft:arrow":1},"minecraft:mined":{"minecraft:short_grass":1},"minecraft:custom":{"minecraft:time_since_rest":217942,"minecraft:play_time":264441,"minecraft:sprint_one_cm":43076,"minecraft:deaths":2,"minecraft:damage_taken":560,"minecraft:walk_one_cm":26352,"minecraft:sneak_time":575,"minecraft:walk_under_water_one_cm":3820,"minecraft:mob_kills":1,"minecraft:drop":1,"minecraft:jump":339,"minecraft:damage_dealt":205,"minecraft:leave_game":20,"minecraft:walk_on_water_one_cm":2186,"minecraft:time_since_death":217909,"minecraft:total_world_time":264441,"minecraft:swim_one_cm":1559,"minecraft:fall_one_cm":1173,"minecraft:fly_one_cm":1360802},"minecraft:picked_up":{"minecraft:arrow":3,"minecraft:slime_ball":4},"minecraft:used":{"minecraft:stone_bricks":9,"minecraft:packed_ice":37,"minecraft:dirt":16,"minecraft:grass_block":19,"minecraft:podzol":23,"minecraft:birch_log":2,"minecraft:stone":17,"minecraft:zombie_spawn_egg":2,"minecraft:spruce_log":1},"minecraft:killed":{"minecraft:slime":1}},"DataVersion":3839}