{"stats":{"minecraft:dropped":{"minecraft:arrow":1},"minecraft:mined":{"minecraft:short_grass":1},"minecraft:custom":{"minecraft:time_since_rest":220577,"minecraft:play_time":267076,"minecraft:sprint_one_cm":43762,"minecraft:deaths":2,"minecraft:damage_taken":560,"minecraft:walk_one_cm":26529,"minecraft:sneak_time":586,"minecraft:walk_under_water_one_cm":3820,"minecraft:mob_kills":1,"minecraft:drop":1,"minecraft:jump":341,"minecraft:damage_dealt":205,"minecraft:leave_game":21,"minecraft:walk_on_water_one_cm":2186,"minecraft:time_since_death":220544,"minecraft:total_world_time":267076,"minecraft:swim_one_cm":1559,"minecraft:fall_one_cm":1173,"minecraft:fly_one_cm":1372386},"minecraft:picked_up":{"minecraft:arrow":3,"minecraft:slime_ball":4},"minecraft:used":{"minecraft:stone_bricks":9,"minecraft:packed_ice":37,"minecraft:dirt":16,"minecraft:grass_block":19,"minecraft:podzol":23,"minecraft:birch_log":2,"minecraft:stone":17,"minecraft:zombie_spawn_egg":2,"minecraft:spruce_log":1},"minecraft:killed":{"minecraft:slime":1}},"DataVersion":3839}