{"stats":{"minecraft:dropped":{"minecraft:arrow":1},"minecraft:picked_up":{"minecraft:arrow":3,"minecraft:slime_ball":4},"minecraft:custom":{"minecraft:time_since_rest":104551,"minecraft:play_time":151050,"minecraft:sprint_one_cm":25390,"minecraft:deaths":2,"minecraft:damage_taken":450,"minecraft:walk_one_cm":19824,"minecraft:sneak_time":515,"minecraft:walk_under_water_one_cm":3820,"minecraft:mob_kills":1,"minecraft:drop":1,"minecraft:jump":209,"minecraft:damage_dealt":205,"minecraft:leave_game":10,"minecraft:walk_on_water_one_cm":2186,"minecraft:time_since_death":104518,"minecraft:total_world_time":151050,"minecraft:swim_one_cm":1559,"minecraft:fall_one_cm":418,"minecraft:fly_one_cm":1245176},"minecraft:used":{"minecraft:stone_bricks":9,"minecraft:packed_ice":37,"minecraft:dirt":16,"minecraft:grass_block":19,"minecraft:podzol":23,"minecraft:stone":17,"minecraft:spruce_log":1},"minecraft:killed":{"minecraft:slime":1},"minecraft:mined":{"minecraft:short_grass":1}},"DataVersion":3839}