{"stats":{"minecraft:custom":{"minecraft:jump":86,"minecraft:time_since_rest":71203,"minecraft:crouch_one_cm":824,"minecraft:damage_taken":3410,"minecraft:play_time":79676,"minecraft:leave_game":2,"minecraft:sprint_one_cm":11154,"minecraft:walk_one_cm":27012,"minecraft:time_since_death":71166,"minecraft:deaths":13,"minecraft:sneak_time":1518,"minecraft:total_world_time":79676,"minecraft:fall_one_cm":3924,"minecraft:fly_one_cm":508448},"minecraft:used":{"minecraft:stone_bricks":79,"minecraft:stone_brick_slab":13,"minecraft:cracked_stone_bricks":40,"minecraft:torch":318,"minecraft:snow":1,"minecraft:deepslate":4,"minecraft:birch_log":7,"minecraft:goat_horn":9,"minecraft:stone_brick_stairs":38}},"DataVersion":3839}