{"stats":{"minecraft:dropped":{"minecraft:stone":1,"minecraft:mutton":5,"minecraft:wooden_axe":2,"minecraft:brown_wool":1,"minecraft:stone_bricks":2,"minecraft:light_gray_wool":1,"minecraft:polished_blackstone_bricks":2,"minecraft:white_wool":2,"minecraft:deepslate_bricks":2},"minecraft:used":{"minecraft:wooden_axe":10,"minecraft:mangrove_log":20,"minecraft:polished_deepslate":46,"minecraft:grass_block":194,"minecraft:stone":22,"minecraft:diamond_axe":19,"minecraft:clay":1,"minecraft:deepslate":1,"minecraft:stone_bricks":1,"minecraft:deepslate_bricks":1,"minecraft:polished_blackstone_bricks":7},"minecraft:picked_up":{"minecraft:wooden_axe":2,"minecraft:brown_wool":3,"minecraft:porkchop":1,"minecraft:polished_blackstone_bricks":2,"minecraft:stone_bricks":2,"minecraft:wheat_seeds":1,"minecraft:deepslate_bricks":2,"minecraft:light_gray_wool":2,"minecraft:mutton":16,"minecraft:white_wool":7},"minecraft:custom":{"minecraft:time_since_rest":62719,"minecraft:sprint_one_cm":39659,"minecraft:damage_taken":350,"minecraft:walk_one_cm":20305,"minecraft:mob_kills":8,"minecraft:drop":13,"minecraft:damage_dealt":530,"minecraft:swim_one_cm":11450,"minecraft:fly_one_cm":676911,"minecraft:crouch_one_cm":1753,"minecraft:play_time":63263,"minecraft:deaths":1,"minecraft:sneak_time":2002,"minecraft:walk_under_water_one_cm":13885,"minecraft:jump":196,"minecraft:leave_game":3,"minecraft:walk_on_water_one_cm":12636,"minecraft:time_since_death":62604,"minecraft:total_world_time":63263,"minecraft:fall_one_cm":418},"minecraft:killed":{"minecraft:sheep":8}},"DataVersion":3839}