{
  "main": {
    "username": "ElPepeJuega",
    "minutesPlayed": 14
  },
  "daily-rewards": {
    "startDate": "2024-06-07",
    "lastJoinDate": "2024-06-07",
    "collectedDays": [],
    "dayNum": 1,
    "streak": 0,
    "highestStreak": 0
  },
  "daily-playtime-rewards": {
    "lastCollectedPlaytime": 0,
    "startDate": "2024-06-07",
    "previousDayEndPlaytime": 0
  },
  "global-playtime-rewards": {
    "lastCollectedPlaytime": 0,
    "startDate": "2024-06-07",
    "previousDayEndPlaytime": 0
  }
}