{
  "main": {
    "username": "sneakbrarianpro",
    "minutesPlayed": 205
  },
  "daily-rewards": {
    "startDate": "2024-06-06",
    "lastJoinDate": "2024-06-15",
    "lastCollectedDate": "2024-06-15",
    "collectedDays": [
      1,
      2
    ],
    "dayNum": 2,
    "streak": 2,
    "highestStreak": 2
  },
  "daily-playtime-rewards": {
    "lastCollectedPlaytime": 175,
    "startDate": "2024-06-15",
    "previousDayEndPlaytime": 85
  },
  "global-playtime-rewards": {
    "lastCollectedPlaytime": 0,
    "startDate": "2024-06-07",
    "previousDayEndPlaytime": 0
  }
}