{
  "main": {
    "username": "sneakbrarianpro",
    "minutesPlayed": 90
  },
  "daily-rewards": {
    "startDate": "2024-06-06",
    "lastJoinDate": "2024-06-07",
    "lastCollectedDate": "2024-06-07",
    "collectedDays": [
      1
    ],
    "dayNum": 1,
    "streak": 1,
    "highestStreak": 1
  },
  "daily-playtime-rewards": {
    "lastCollectedPlaytime": 85,
    "startDate": "2024-06-07",
    "previousDayEndPlaytime": 0
  },
  "global-playtime-rewards": {
    "lastCollectedPlaytime": 0,
    "startDate": "2024-06-07",
    "previousDayEndPlaytime": 0
  }
}