{
  "main": {
    "username": "tobiaskapo",
    "minutesPlayed": 51
  },
  "daily-rewards": {
    "startDate": "2024-06-14",
    "lastJoinDate": "2024-06-14",
    "lastCollectedDate": "2024-06-14",
    "collectedDays": [
      1
    ],
    "dayNum": 1,
    "streak": 1,
    "highestStreak": 1
  },
  "daily-playtime-rewards": {
    "lastCollectedPlaytime": 0,
    "startDate": "2024-06-14",
    "previousDayEndPlaytime": 0
  },
  "global-playtime-rewards": {
    "lastCollectedPlaytime": 0,
    "startDate": "2024-06-14",
    "previousDayEndPlaytime": 0
  }
}